{
  "suitonn": {
    "sounds": [
      "suiton"
    ],
    "category": "player"
  },
  "suitofff": {
    "sounds": [
      "suitoff"
    ],
    "category": "player"
  },
  "gar": {
    "sounds": [
      "gar"
    ],
    "category": "player"
  },
  "gilding": {
    "sounds": [
      "gilding"
    ],
    "category": "player"
  },
  "capeon": {
    "sounds": [
      "capeon"
    ],
    "category": "player"
  },
  "ssjon": {
    "sounds": [
      "ssjon1"
    ],
    "category": "player"
  },
  "baneoff": {
    "sounds": [
      "baneoff"
    ],
    "category": "player"
  },
  "shazamoff": {
    "sounds": [
      "shazamoff1",
      "shazamoff2",
      "shazamoff3"
    ],
    "category": "player"
  },
  "baneon": {
    "sounds": [
      "baneonn1",
      "baneonn2",
      "baneonn3",
      "baneonn4",
      "baneonn5",
      "baneonn6",
      "baneonn7",
      "baneonn8",
      "baneonn9",
      "baneonn10"
    ],
    "category": "player"
  },
  "weap": {
    "sounds": [
      "weap1",
      "weap2"
    ],
    "category": "player"
  },
  "jump": {
    "sounds": [
      "jump1",
      "jump2"
    ],
    "category": "player"
  },
  "injusticejump": {
    "sounds": [
      "jump1",
      "jump2",
      "injusticejump1"
    ],
    "category": "player"
  },
  "shazamon": {
    "sounds": [
      "shazamon1"
    ],
    "category": "player"
  },
  "raidenon": {
    "sounds": [
      "raidenon1",
      "raidenon2",
      "raidenon3",
      "raidenon4",
      "raidenon5",
      "raidenon6",
      "raidenon7",
      "raidenon8",
      "raidenon9"
    ],
    "category": "player"
  },
  "raidenoff": {
    "sounds": [
      "raidenoff1"
    ],
    "category": "player"
  },
  "coldbreathh": {
    "sounds": [
      "coldbreath"
    ],
    "category": "player"
  },
  "heatvisionn": {
    "sounds": [
      "heatvision"
    ],
    "category": "player"
  },
  "baton": {
    "sounds": [
      "baton"
    ],
    "category": "player"
  },
  "batona": {
    "sounds": [
      "baton1",
      "baton2",
      "baton4",
      "baton5",
      "baton6",
      "baton7",
      "baton8",
      "baton9",
      "baton10",
      "baton13",
      "baton14",
      "baton15",
      "baton16"
    ],
    "category": "player"
  },
  "batoff": {
    "sounds": [
      "batoff"
    ],
    "category": "player"
  },
  "ringonn": {
    "sounds": [
      "ringon1",
      "ringon2",
      "ringon3",
      "ringon4",
      "ringon5",
      "ringon6",
      "ringon7",
      "ringon8",
      "ringon9",
      "ringon10",
      "ringon11",
      "ringon12",
      "ringon13"
    ],
    "category": "player"
  },
  "ringofff": {
    "sounds": [
      "ringoff1",
      "ringoff2",
      "ringoff3",
      "ringoff4",
      "ringoff5",
      "ringoff6",
      "ringoff7"
    ],
    "category": "player"
  },
  "punch": {
    "sounds": [
      "p1",
      "p2",
      "p3",
      "p4",
      "p5",
      "p6"
    ],
    "category": "player"
  },
  "yringonn": {
    "sounds": [
      "ringon111",
      "ringon2",
      "ringon3",
      "ringon4",
      "ringon55",
      "ringon66",
      "ringon77",
      "ringon8",
      "ringon99",
      "ringon10",
      "ringon11",
      "ringon12",
      "ringon13"
    ],
    "category": "player"
  },
  "yringofff": {
    "sounds": [
      "ringoff11",
      "ringoff22",
      "ringoff3",
      "ringoff44",
      "ringoff55",
      "ringoff6",
      "ringoff7"
    ],
    "category": "player"
  },
  "injusticeoff": {
    "sounds": [
      "off1",
      "off2",
      "off3",
      "off4",
      "off5",
      "off6",
      "off7",
      "off8"
    ],
    "category": "player"
  }
}