{
  "suitonn": {
    "sounds": [
      "suiton"
    ],
    "category": "player"
  },
  "suitofff": {
    "sounds": [
      "suitoff"
    ],
    "category": "player"
  },
  "coldbreathh": {
    "sounds": [
      "coldbreath"
    ],
    "category": "player"
  },
  "heatvisionn": {
    "sounds": [
      "heatvision"
    ],
    "category": "player"
  },
  "injusticeon": {
    "sounds": [
      "suit1",
      "suit2",
      "suit3",
      "suit4",
      "suit5",
      "suit6",
      "suit7",
      "suit8",
      "suit9",
      "suit10",
      "suit11",
      "suit12",
      "suit13",
      "suit14"
    ],
    "category": "player"
  },
  "injusticeoff": {
    "sounds": [
      "off1",
      "off2",
      "off3",
      "off4",
      "off5",
      "off6",
      "off7",
      "off8"
    ],
    "category": "player"
  }
}